<class>
<keyword> class </keyword>
<identifier> Bullet </identifier>
<symbol> { </symbol>
<classVarDec>
<keyword> field </keyword>
<keyword> int </keyword>
<identifier> x </identifier>
<symbol> , </symbol>
<identifier> y </identifier>
<symbol> ; </symbol>
</classVarDec>
<classVarDec>
<keyword> field </keyword>
<keyword> int </keyword>
<identifier> size </identifier>
<symbol> ; </symbol>
</classVarDec>
<subroutineDec>
<keyword> constructor </keyword>
<identifier> Bullet </identifier>
<identifier> new </identifier>
<symbol> ( </symbol>
<parameterList>
<keyword> int </keyword>
<identifier> Ay </identifier>
</parameterList>
<symbol> ) </symbol>
<subroutineBody>
<symbol> { </symbol>
<statements>
<letStatement>
<keyword> let </keyword>
<identifier> x </identifier>
<symbol> = </symbol>
<expression>
<term>
<integerConstant> 478 </integerConstant>
</term>
</expression>
<symbol> ; </symbol>
</letStatement>
<letStatement>
<keyword> let </keyword>
<identifier> y </identifier>
<symbol> = </symbol>
<expression>
<term>
<identifier> Ay </identifier>
</term>
</expression>
<symbol> ; </symbol>
</letStatement>
<letStatement>
<keyword> let </keyword>
<identifier> size </identifier>
<symbol> = </symbol>
<expression>
<term>
<integerConstant> 1 </integerConstant>
</term>
</expression>
<symbol> ; </symbol>
</letStatement>
<doStatement>
<keyword> do </keyword>
<identifier> draw </identifier>
<symbol> ( </symbol>
<expressionList>
</expressionList>
<symbol> ) </symbol>
<symbol> ; </symbol>
</doStatement>
<returnStatement>
<keyword> return </keyword>
<expression>
<term>
<keyword> this </keyword>
</term>
</expression>
<symbol> ; </symbol>
</returnStatement>
</statements>
<symbol> } </symbol>
</subroutineBody>
</subroutineDec>
<subroutineDec>
<keyword> method </keyword>
<keyword> void </keyword>
<identifier> dispose </identifier>
<symbol> ( </symbol>
<parameterList>
</parameterList>
<symbol> ) </symbol>
<subroutineBody>
<symbol> { </symbol>
<statements>
<doStatement>
<keyword> do </keyword>
<identifier> Memory </identifier>
<symbol> . </symbol>
<identifier> deAlloc </identifier>
<symbol> ( </symbol>
<expressionList>
<expression>
<term>
<keyword> this </keyword>
</term>
</expression>
</expressionList>
<symbol> ) </symbol>
<symbol> ; </symbol>
</doStatement>
<returnStatement>
<keyword> return </keyword>
<symbol> ; </symbol>
</returnStatement>
</statements>
<symbol> } </symbol>
</subroutineBody>
</subroutineDec>
<subroutineDec>
<keyword> method </keyword>
<keyword> void </keyword>
<identifier> draw </identifier>
<symbol> ( </symbol>
<parameterList>
</parameterList>
<symbol> ) </symbol>
<subroutineBody>
<symbol> { </symbol>
<statements>
<doStatement>
<keyword> do </keyword>
<identifier> Screen </identifier>
<symbol> . </symbol>
<identifier> setColor </identifier>
<symbol> ( </symbol>
<expressionList>
<expression>
<term>
<keyword> true </keyword>
</term>
</expression>
</expressionList>
<symbol> ) </symbol>
<symbol> ; </symbol>
</doStatement>
<doStatement>
<keyword> do </keyword>
<identifier> Screen </identifier>
<symbol> . </symbol>
<identifier> drawRectangle </identifier>
<symbol> ( </symbol>
<expressionList>
<expression>
<term>
<identifier> x </identifier>
</term>
</expression>
<symbol> , </symbol>
<expression>
<term>
<identifier> y </identifier>
</term>
</expression>
<symbol> , </symbol>
<expression>
<term>
<identifier> x </identifier>
</term>
<symbol> + </symbol>
<term>
<identifier> size </identifier>
</term>
</expression>
<symbol> , </symbol>
<expression>
<term>
<identifier> y </identifier>
</term>
<symbol> + </symbol>
<term>
<identifier> size </identifier>
</term>
</expression>
</expressionList>
<symbol> ) </symbol>
<symbol> ; </symbol>
</doStatement>
<returnStatement>
<keyword> return </keyword>
<symbol> ; </symbol>
</returnStatement>
</statements>
<symbol> } </symbol>
</subroutineBody>
</subroutineDec>
<subroutineDec>
<keyword> method </keyword>
<keyword> void </keyword>
<identifier> erase </identifier>
<symbol> ( </symbol>
<parameterList>
</parameterList>
<symbol> ) </symbol>
<subroutineBody>
<symbol> { </symbol>
<statements>
<doStatement>
<keyword> do </keyword>
<identifier> Screen </identifier>
<symbol> . </symbol>
<identifier> setColor </identifier>
<symbol> ( </symbol>
<expressionList>
<expression>
<term>
<keyword> false </keyword>
</term>
</expression>
</expressionList>
<symbol> ) </symbol>
<symbol> ; </symbol>
</doStatement>
<doStatement>
<keyword> do </keyword>
<identifier> Screen </identifier>
<symbol> . </symbol>
<identifier> drawRectangle </identifier>
<symbol> ( </symbol>
<expressionList>
<expression>
<term>
<identifier> x </identifier>
</term>
</expression>
<symbol> , </symbol>
<expression>
<term>
<identifier> y </identifier>
</term>
</expression>
<symbol> , </symbol>
<expression>
<term>
<identifier> x </identifier>
</term>
<symbol> + </symbol>
<term>
<identifier> size </identifier>
</term>
</expression>
<symbol> , </symbol>
<expression>
<term>
<identifier> y </identifier>
</term>
<symbol> + </symbol>
<term>
<identifier> size </identifier>
</term>
</expression>
</expressionList>
<symbol> ) </symbol>
<symbol> ; </symbol>
</doStatement>
<returnStatement>
<keyword> return </keyword>
<symbol> ; </symbol>
</returnStatement>
</statements>
<symbol> } </symbol>
</subroutineBody>
</subroutineDec>
<subroutineDec>
<keyword> method </keyword>
<keyword> void </keyword>
<identifier> update </identifier>
<symbol> ( </symbol>
<parameterList>
</parameterList>
<symbol> ) </symbol>
<subroutineBody>
<symbol> { </symbol>
<statements>
<ifStatement>
<keyword> if </keyword>
<symbol> ( </symbol>
<expression>
<term>
<identifier> x </identifier>
</term>
<symbol> &gt; </symbol>
<term>
<integerConstant> 1 </integerConstant>
</term>
</expression>
<symbol> ) </symbol>
<symbol> { </symbol>
<statements>
<doStatement>
<keyword> do </keyword>
<identifier> Screen </identifier>
<symbol> . </symbol>
<identifier> setColor </identifier>
<symbol> ( </symbol>
<expressionList>
<expression>
<term>
<keyword> false </keyword>
</term>
</expression>
</expressionList>
<symbol> ) </symbol>
<symbol> ; </symbol>
</doStatement>
<doStatement>
<keyword> do </keyword>
<identifier> Screen </identifier>
<symbol> . </symbol>
<identifier> drawRectangle </identifier>
<symbol> ( </symbol>
<expressionList>
<expression>
<term>
<symbol> ( </symbol>
<expression>
<term>
<identifier> x </identifier>
</term>
<symbol> + </symbol>
<term>
<identifier> size </identifier>
</term>
</expression>
<symbol> ) </symbol>
</term>
<symbol> - </symbol>
<term>
<integerConstant> 1 </integerConstant>
</term>
</expression>
<symbol> , </symbol>
<expression>
<term>
<identifier> y </identifier>
</term>
</expression>
<symbol> , </symbol>
<expression>
<term>
<identifier> x </identifier>
</term>
<symbol> + </symbol>
<term>
<identifier> size </identifier>
</term>
</expression>
<symbol> , </symbol>
<expression>
<term>
<identifier> y </identifier>
</term>
<symbol> + </symbol>
<term>
<identifier> size </identifier>
</term>
</expression>
</expressionList>
<symbol> ) </symbol>
<symbol> ; </symbol>
</doStatement>
<letStatement>
<keyword> let </keyword>
<identifier> x </identifier>
<symbol> = </symbol>
<expression>
<term>
<identifier> x </identifier>
</term>
<symbol> - </symbol>
<term>
<integerConstant> 4 </integerConstant>
</term>
</expression>
<symbol> ; </symbol>
</letStatement>
<doStatement>
<keyword> do </keyword>
<identifier> Screen </identifier>
<symbol> . </symbol>
<identifier> setColor </identifier>
<symbol> ( </symbol>
<expressionList>
<expression>
<term>
<keyword> true </keyword>
</term>
</expression>
</expressionList>
<symbol> ) </symbol>
<symbol> ; </symbol>
</doStatement>
<doStatement>
<keyword> do </keyword>
<identifier> Screen </identifier>
<symbol> . </symbol>
<identifier> drawRectangle </identifier>
<symbol> ( </symbol>
<expressionList>
<expression>
<term>
<identifier> x </identifier>
</term>
</expression>
<symbol> , </symbol>
<expression>
<term>
<identifier> y </identifier>
</term>
</expression>
<symbol> , </symbol>
<expression>
<term>
<identifier> x </identifier>
</term>
<symbol> + </symbol>
<term>
<integerConstant> 1 </integerConstant>
</term>
</expression>
<symbol> , </symbol>
<expression>
<term>
<identifier> y </identifier>
</term>
<symbol> + </symbol>
<term>
<identifier> size </identifier>
</term>
</expression>
</expressionList>
<symbol> ) </symbol>
<symbol> ; </symbol>
</doStatement>
</statements>
<symbol> } </symbol>
</ifStatement>
<returnStatement>
<keyword> return </keyword>
<symbol> ; </symbol>
</returnStatement>
</statements>
<symbol> } </symbol>
</subroutineBody>
</subroutineDec>
<subroutineDec>
<keyword> method </keyword>
<keyword> int </keyword>
<identifier> getX </identifier>
<symbol> ( </symbol>
<parameterList>
</parameterList>
<symbol> ) </symbol>
<subroutineBody>
<symbol> { </symbol>
<statements>
<returnStatement>
<keyword> return </keyword>
<expression>
<term>
<identifier> x </identifier>
</term>
</expression>
<symbol> ; </symbol>
</returnStatement>
</statements>
<symbol> } </symbol>
</subroutineBody>
</subroutineDec>
<subroutineDec>
<keyword> method </keyword>
<keyword> int </keyword>
<identifier> getY </identifier>
<symbol> ( </symbol>
<parameterList>
</parameterList>
<symbol> ) </symbol>
<subroutineBody>
<symbol> { </symbol>
<statements>
<returnStatement>
<keyword> return </keyword>
<expression>
<term>
<identifier> y </identifier>
</term>
</expression>
<symbol> ; </symbol>
</returnStatement>
</statements>
<symbol> } </symbol>
</subroutineBody>
</subroutineDec>
<symbol> } </symbol>
</class>
